{"cameraMode":{"drawMode":0,"name":"Shaded","section":"Shading Mode"},"sceneLighting":false,"audioPlay":false,"sceneViewState":{"m_AlwaysRefresh":false,"showFog":true,"showSkybox":false,"showFlares":true,"showImageEffects":true,"showParticleSystems":true,"showVisualEffectGraphs":true,"m_FxEnabled":true},"in2DMode":false,"pivot":{"x":-0.15301944315433503,"y":0.9759771823883057,"z":-0.3111691474914551},"rotation":{"x":0.40071022510528567,"y":-0.0033959103748202326,"z":0.0005809873691760004,"w":0.9164077639579773},"size":1.0530548095703126,"orthographic":false}