{"cameraMode":{"drawMode":0,"name":"Shaded","section":"Shading Mode"},"sceneLighting":true,"audioPlay":false,"sceneViewState":{"m_AlwaysRefresh":false,"showFog":true,"showSkybox":true,"showFlares":true,"showImageEffects":true,"showParticleSystems":true,"showVisualEffectGraphs":true,"m_FxEnabled":true},"in2DMode":false,"pivot":{"x":15.859971046447754,"y":3.6511967182159426,"z":10.823394775390625},"rotation":{"x":-0.0028119408525526525,"y":0.1388779729604721,"z":-0.0071633425541222099,"w":0.9908396005630493},"size":15.488658905029297,"orthographic":false}