{"cameraMode":{"drawMode":0,"name":"Shaded","section":"Shading Mode"},"sceneLighting":false,"audioPlay":false,"sceneViewState":{"m_AlwaysRefresh":false,"showFog":true,"showSkybox":false,"showFlares":true,"showImageEffects":true,"showParticleSystems":true,"showVisualEffectGraphs":true,"m_FxEnabled":true},"in2DMode":false,"pivot":{"x":0.9567136764526367,"y":1.6834392547607422,"z":-0.668123722076416},"rotation":{"x":0.1226649358868599,"y":0.014956006780266762,"z":-0.0066649289801716808,"w":0.9927710294723511},"size":3.806135892868042,"orthographic":false}