{"cameraMode":{"drawMode":0,"name":"Shaded","section":"Shading Mode"},"sceneLighting":false,"audioPlay":false,"sceneViewState":{"m_AlwaysRefresh":false,"showFog":true,"showSkybox":false,"showFlares":true,"showImageEffects":true,"showParticleSystems":true,"showVisualEffectGraphs":true,"m_FxEnabled":true},"in2DMode":false,"pivot":{"x":0.10079272091388703,"y":0.9032940864562988,"z":0.07688874006271362},"rotation":{"x":-0.1997135430574417,"y":0.7006981372833252,"z":-0.20626001060009004,"w":-0.653933048248291},"size":2.478365898132324,"orthographic":false}