{"cameraMode":{"drawMode":0,"name":"Shaded","section":"Shading Mode"},"sceneLighting":false,"audioPlay":false,"sceneViewState":{"m_AlwaysRefresh":false,"showFog":true,"showSkybox":false,"showFlares":true,"showImageEffects":true,"showParticleSystems":true,"showVisualEffectGraphs":true,"m_FxEnabled":true},"in2DMode":false,"pivot":{"x":0.14110982418060304,"y":0.7507216930389404,"z":9.903778076171875},"rotation":{"x":-0.13082659244537354,"y":0.6033368706703186,"z":-0.09364736080169678,"w":-0.7817589640617371},"size":10.824017524719239,"orthographic":false}